,Portfolio,Sharpe,Annual_Ret,Annual_std,MaxDD
0,10i_10j_20k_PF.csv,0.75852011,0.110487141,0.106110755,0.563771914
0,10i_10j_40k_PF.csv,0.53814888,0.092080097,0.115358593,0.430922008
0,10i_20j_20k_PF.csv,0.982721505,0.158720028,0.130983221,0.682900045
0,10i_20j_40k_PF.csv,0.682876235,0.137729667,0.1577587,0.750109429
0,5i_10j_20k_PF.csv,0.770597698,0.108107644,0.10135982,0.483781197
0,5i_10j_40k_PF.csv,0.510706887,0.080156819,0.098210579,0.402996997
0,5i_20j_20k_PF.csv,0.930917966,0.144185964,0.122659534,0.216553834
0,5i_20j_40k_PF.csv,0.52430232,0.065546005,0.067796772,0.357511385
